{
    "LongStepPos": {
        "soma": {
            "adaptation_index2": [
                0.0045060093077508752, 
                0.00036176424918872487
            ], 
            "mean_frequency": [
                19.578186216316084, 
                3.0918389726161681
            ], 
            "ISI_CV": [
                0.093475564219826543, 
                0.00021221482647262868
            ], 
            "doublet_ISI": [
                26.100000000005934, 
                4.9000000000011141
            ]
        }
    }, 
    "ShortStepPos": {
        "soma": {
            "AP_width": [
                1.4444444444444562, 
                0.062853936105473282
            ], 
            "AP_height": [
                21.428474469470718, 
                0.76464442036962588
            ], 
            "AHP_depth": [
                20.060764723896213, 
                0.73772746416445101
            ], 
            "time_to_first_spike": [
                8.2999999999999687, 
                0.16329931618554464
            ]
        }
    }, 
    "LongStepNeg": {
        "soma": {
            "voltage_deflection": [
                -11.992786141733328, 
                0.25804713672122231
            ], 
            "time_constant": [
                12.981682138399862, 
                0.80997744533945337
            ], 
            "voltage_deflection_begin": [
                -15.281718795498213, 
                0.35026142552899203
            ], 
            "voltage_base": [
                -83.742707846065358, 
                0.30719534382117519
            ]
        }
    }
}