
{
    "ek.all": -107, 
    "e_pas.somatic": -63.3146, 
    "Ra.basal": 50.8833, 
    "gbar_Kv3_1.axonal": 0.0100065, 
    "gbar_NaV.basal": 0.0205486, 
    "gbar_Kv3_1.basal": 0.205458, 
    "e_pas.basal": -62.7085, 
    "gbar_K_T.axonal": 0.000124859, 
    "gamma_CaDynamics.somatic": 0.00169922, 
    "v_init": -81, 
    "cm.basal": 7.88877, 
    "gbar_Ca_HVA.axonal": 3.83558e-05, 
    "gbar_NaV.somatic": 0.0499769, 
    "gbar_Kv2like.axonal": 0.0010615, 
    "gbar_Ca_LVA.somatic": 0.0060162, 
    "gbar_Im_v2.basal": 0.00949979, 
    "gbar_SK.somatic": 0.0001051137, 
    "ena.all": 53.0, 
    "g_pas.axonal": 0.00200656, 
    "gbar_NaV.axonal": 0.0156789, 
    "gamma_CaDynamics.axonal": 0.0477399, 
    "gbar_SK.axonal": 0.00661877, 
    "cm.axonal": 9.91715, 
    "gbar_Ca_HVA.somatic": 5.9455e-05, 
    "gbar_Kd.axonal": 0.00833495, 
    "gbar_Ih.basal": 7.75636e-06, 
    "gbar_Ca_LVA.axonal": 0.00775489, 
    "Ra.somatic": 72.0757, 
    "e_pas.axonal": -71.1766, 
    "g_pas.basal": 1.10433e-07, 
    "decay_CaDynamics.axonal": 811.497, 
    "cm.somatic": 3.35066, 
    "gbar_Ih.somatic": 3.46139e-06, 
    "g_pas.somatic": 7.60303e-05, 
    "celsius": 34, 
    "Ra.axonal": 100.799, 
    "gbar_Kv3_1.somatic": 0.671067, 
    "decay_CaDynamics.somatic": 326.442
}
