{
    "StepNeg": {
        "soma": {
            "voltage_deflection": [
                -21.914150464658391, 
                1.0957075232329196
            ], 
            "time_constant": [
                22.292113705651431, 
                1.1146056852825716
            ], 
            "voltage_base": [
                -81.985444904984959, 
                4.0992722452492485
            ], 
            "voltage_deflection_begin": [
                -23.270169754041433, 
                1.1635084877020716
            ]
        }
    }, 
    "StepPos": {
        "soma": {
            "AP_duration": [
                1.5782608695651734, 
                0.078913043478258671
            ], 
            "AP_amplitude": [
                53.713316542778955, 
                2.6856658271389477
            ], 
            "AHP1_depth_from_peak": [
                82.312499999991829, 
                4.115624999999592
            ], 
            "AP_begin_voltage": [
                -46.370924243369011, 
                2.3185462121684508
            ], 
            "time_to_first_spike": [
                30.299999999999784, 
                1.5149999999999892
            ], 
            "min_AHP_values": [
                -68.194293478145681, 
                3.4097146739072843
            ], 
            "fast_AHP": [
                21.846590563652441, 
                1.0923295281826222
            ], 
            "AP2_peak": [
                9.7812519073486328, 
                0.48906259536743169
            ], 
            "adaptation_index": [
                0.011540595029272446, 
                0.00057702975146362229
            ], 
            "AP_amplitude_from_voltagebase": [
                89.277464230472305, 
                4.463873211523615
            ], 
            "AP1_begin_width": [
                0.90000000000020464, 
                0.045000000000010233
            ], 
            "mean_frequency": [
                23.866348448688008, 
                1.1933174224344005
            ], 
            "AHP_depth_from_peak": [
                75.536685777555647, 
                3.7768342888777826
            ], 
            "min_voltage_between_spikes": [
                -68.274147727152297, 
                3.4137073863576148
            ]
        }
    }
}