{
    "ek.all": -107, 
    "gbar_NaV.somatic": 0.04595, 
    "e_pas.somatic": -63.3146, 
    "Ra.basal": 50.8833, 
    "gamma_CaDynamics.axonal": 0.0477399, 
    "gbar_Kv3_1.axonal": 0.022947474961030473, 
    "v_init": -81, 
    "e_pas.basal": -62.7085, 
    "gbar_Kv3_1.basal": 0.5008541189680321, 
    "cm.axonal": 7.6668, 
    "gbar_K_T.axonal": 0.0013593, 
    "gamma_CaDynamics.somatic": 0.00169922, 
    "gbar_Im_v2.basal": 0.01, 
    "celsius": 34, 
    "gbar_SK.axonal": 0.00661877, 
    "gbar_Ca_HVA.somatic": 5.9455e-05, 
    "gbar_Ih.basal": 7e-05, 
    "gbar_Ca_HVA.axonal": 3.83558e-05, 
    "gbar_Kd.axonal": 0.00833495, 
    "gbar_Ca_LVA.axonal": 0.00775489, 
    "gbar_Kv2like.axonal": 0.00692472190574025, 
    "Ra.somatic": 72.0757, 
    "e_pas.axonal": -71.1766, 
    "g_pas.basal": 1.10433e-07, 
    "decay_CaDynamics.axonal": 811.497, 
    "cm.somatic": 2.1356, 
    "gbar_Ca_LVA.somatic": 0.0060162, 
    "gbar_Ih.somatic": 3.46139e-06, 
    "g_pas.somatic": 7.60303e-05, 
    "cm.basal": 1.4357, 
    "Ra.axonal": 100.799, 
    "gbar_NaV.basal": 0.0205486, 
    "gbar_NaV.axonal": 0.0011645794914983177, 
    "gbar_Kv3_1.somatic": 0.5109308141941027, 
    "gbar_SK.somatic": 0.0001051137, 
    "decay_CaDynamics.somatic": 326.442, 
    "ena.all": 53.0, 
    "g_pas.axonal": 0.00200656
}