{
    "StepNeg": {
        "soma": {
            "time_constant": [
                22.292113705651431, 
                1.1146056852825716
            ], 
            "voltage_deflection_begin": [
                -23.270169754041433, 
                1.1635084877020716
            ]
        }
    }, 
    "StepPos": {
        "soma": {
            "mean_frequency": [
                23.866348448688008, 
                1.1933174224344005
            ], 
            "AP_amplitude": [
                53.713316542778962, 
                2.6856658271389482
            ]
        }
    }
}