{
    "StepNeg": {
        "soma": {
            "time_constant": [
                22.292113705651431, 
                1.1146056852825716
            ], 
            "voltage_deflection_begin": [
                -23.270169754041433, 
                1.1635084877020716
            ]
        }
    }, 
    "StepPos": {
        "soma": {
            "AP_duration": [
                1.5782608695651734, 
                0.078913043478258671
            ], 
            "mean_frequency": [
                23.866348448688008, 
                1.1933174224344005
            ], 
            "AP_amplitude": [
                53.713316542778955, 
                2.6856658271389477
            ], 
            "fast_AHP": [
                21.846590563652441, 
                1.0923295281826222
            ], 
            "min_AHP_values": [
                -68.194293478145681, 
                3.4097146739072843
            ]
        }
    }
}