{
    "StepNeg1": {
        "soma": {
            "time_constant": [
                22.292113705651431, 
                1.1146056852825716
            ], 
            "voltage_base": [
                -81.985444904984959, 
                4.0992722452492485
            ], 
            "voltage_deflection_begin": [
                -23.270169754041433, 
                1.1635084877020716
            ], 
            "steady_state_hyper": [
                -103.53542124430338, 
                5.1767710622151695
            ]
        }
    }, 
    "StepNeg2": {
        "soma": {
            "time_constant": [
                27.73139007161166, 
                1.3865695035805832
            ], 
            "voltage_base": [
                -81.103046080333797, 
                4.0551523040166897
            ], 
            "voltage_deflection_begin": [
                -11.170911302509793, 
                0.5585455651254897
            ], 
            "steady_state_hyper": [
                -92.596877797444662, 
                4.6298438898722329
            ]
        }
    }, 
    "StepPos3": {
        "soma": {
            "AP_width": [
                0.45000000000010232, 
                0.022500000000005117
            ], 
            "AHP_slow_time": [
                0.038640142485861742, 
                0.0019320071242930872
            ], 
            "ISI_CV": [
                0.65960440625079131, 
                0.032980220312539568
            ], 
            "doublet_ISI": [
                82.700000000018804, 
                4.1350000000009404
            ], 
            "AP_height": [
                6.8515639297557946, 
                0.34257819648778975
            ], 
            "time_to_first_spike": [
                67.100000000008151, 
                3.3550000000004077
            ], 
            "adaptation_index2": [
                0.46641074856046089, 
                0.023320537428023046
            ], 
            "mean_frequency": [
                7.7745383867816251, 
                0.38872691933908127
            ], 
            "Spikecount": [
                4.0, 
                0.20000000000000001
            ]
        }
    }
}