{
    "StepNeg": {
        "soma": {
            "time_constant": [
                22.292113705651431, 
                1.1146056852825716
            ], 
            "voltage_base": [
                -81.985444904984959, 
                4.0992722452492485
            ], 
            "voltage_deflection_begin": [
                -23.270169754041433, 
                1.1635084877020716
            ], 
            "steady_state_hyper": [
                -103.53542124430338, 
                5.1767710622151695
            ]
        }
    }, 
    "StepPos": {
        "soma": {
            "AP_width": [
                0.56086956521737052, 
                0.028043478260868528
            ], 
            "AHP_slow_time": [
                0.11875542343259118, 
                0.0059377711716295592
            ], 
            "ISI_CV": [
                0.11686947095788669, 
                0.005843473547894335
            ], 
            "doublet_ISI": [
                28.50000000000648, 
                1.425000000000324
            ], 
            "AP_height": [
                7.3423922994099557, 
                0.36711961497049783
            ], 
            "time_to_first_spike": [
                30.299999999999784, 
                1.5149999999999892
            ], 
            "adaptation_index2": [
                0.010813415127658673, 
                0.00054067075638293365
            ], 
            "mean_frequency": [
                23.866348448688008, 
                1.1933174224344005
            ], 
            "Spikecount": [
                23.0, 
                1.1500000000000001
            ]
        }
    }
}